INSERT INTO USERS(name, surname, age, email, password, phone_number, avatar, account_type, enabled)
VALUES ('John', 'Mills', 25, 'john@example.com', '$2a$12$WB2YUbFcCN0tm44SBcKUjua9yiFBsfB3vW02IjuwzY7HGtlQIKzy2',
        '123456789', 'unnamed.jpeg', 'APPLICANT', true),
       ('Jane', 'Jackson', 30, 'jane@example.com', '$2a$12$WB2YUbFcCN0tm44SBcKUjua9yiFBsfB3vW02IjuwzY7HGtlQIKzy2',
        '987654321', 'unnamed.jpeg', 'APPLICANT', true),
       ('Emily', 'Adams', 28, 'emily@example.com', '$2a$12$WB2YUbFcCN0tm44SBcKUjua9yiFBsfB3vW02IjuwzY7HGtlQIKzy2',
        '555444333', 'unnamed.jpeg', 'APPLICANT', true),
       ('William', 'Taylor', 35, 'william@example.com', '$2a$12$WB2YUbFcCN0tm44SBcKUjua9yiFBsfB3vW02IjuwzY7HGtlQIKzy2',
        '222333444', 'unnamed.jpeg', 'APPLICANT', true),
       ('Sophia', 'Roberts', 27, 'sophia@example.com', '$2a$12$WB2YUbFcCN0tm44SBcKUjua9yiFBsfB3vW02IjuwzY7HGtlQIKzy2',
        '999888777', 'unnamed.jpeg', 'APPLICANT', true),
       ('Michael', 'Johnson', 29, 'michael@example.com', '$2a$12$WB2YUbFcCN0tm44SBcKUjua9yiFBsfB3vW02IjuwzY7HGtlQIKzy2',
        '123456789', 'unnamed.jpeg', 'APPLICANT', true),
       ('Olivia', 'Williams', 33, 'olivia@example.com', '$2a$12$WB2YUbFcCN0tm44SBcKUjua9yiFBsfB3vW02IjuwzY7HGtlQIKzy2',
        '987654321', 'unnamed.jpeg', 'APPLICANT', true),
       ('Emma', 'Johnson', 31, 'emma@example.com', '$2a$12$WB2YUbFcCN0tm44SBcKUjua9yiFBsfB3vW02IjuwzY7HGtlQIKzy2',
        '555444333', 'unnamed.jpeg', 'APPLICANT', true),
       ('James', 'Wilson', 38, 'james@example.com', '$2a$12$WB2YUbFcCN0tm44SBcKUjua9yiFBsfB3vW02IjuwzY7HGtlQIKzy2',
        '222333444', 'unnamed.jpeg', 'APPLICANT', true),
       ('Isabella', 'Brown', 32, 'isabella@example.com', '$2a$12$WB2YUbFcCN0tm44SBcKUjua9yiFBsfB3vW02IjuwzY7HGtlQIKzy2',
        '999888777', 'unnamed.jpeg', 'APPLICANT', true),
       ('FutureTech', '', 35, 'futuretech@example.com', '$2a$12$WB2YUbFcCN0tm44SBcKUjua9yiFBsfB3vW02IjuwzY7HGtlQIKzy2',
        '111222333', 'unnamed.jpeg', 'EMPLOYER', true),
       ('Data Solutions', '', 40, 'datasolutions@example.com',
        '$2a$12$WB2YUbFcCN0tm44SBcKUjua9yiFBsfB3vW02IjuwzY7HGtlQIKzy2', '444555666', 'unnamed.jpeg', 'EMPLOYER', true),
       ('InnovateSoft', '', 28, 'innovatesoft@example.com',
        '$2a$12$WB2YUbFcCN0tm44SBcKUjua9yiFBsfB3vW02IjuwzY7HGtlQIKzy2', '777888999', 'unnamed.jpeg', 'EMPLOYER', true),
       ('Tech Innovators', '', 32, 'techinnovators@example.com',
        '$2a$12$WB2YUbFcCN0tm44SBcKUjua9yiFBsfB3vW02IjuwzY7HGtlQIKzy2', '555666777', 'unnamed.jpeg', 'EMPLOYER', true),
       ('Digital Enterprises', '', 38, 'digitalenterprises@example.com',
        '$2a$12$WB2YUbFcCN0tm44SBcKUjua9yiFBsfB3vW02IjuwzY7HGtlQIKzy2', '999888777', 'unnamed.jpeg', 'EMPLOYER', true),
       ('BrightFuture', '', 36, 'brightfuture@example.com',
        '$2a$12$WB2YUbFcCN0tm44SBcKUjua9yiFBsfB3vW02IjuwzY7HGtlQIKzy2', '111222333', 'unnamed.jpeg', 'EMPLOYER', true),
       ('DataSolutionsInc', '', 41, 'datasolutionsinc@example.com',
        '$2a$12$WB2YUbFcCN0tm44SBcKUjua9yiFBsfB3vW02IjuwzY7HGtlQIKzy2', '444555666', 'unnamed.jpeg', 'EMPLOYER', true),
       ('InnovativeTech', '', 30, 'innovativetech@example.com',
        '$2a$12$WB2YUbFcCN0tm44SBcKUjua9yiFBsfB3vW02IjuwzY7HGtlQIKzy2', '777888999', 'unnamed.jpeg', 'EMPLOYER', true),
       ('TechGurus', '', 34, 'techgurus@example.com', '$2a$12$WB2YUbFcCN0tm44SBcKUjua9yiFBsfB3vW02IjuwzY7HGtlQIKzy2',
        '555666777', 'unnamed.jpeg', 'EMPLOYER', true),
       ('DigitalSolutions', '', 39, 'digitalsolutions@example.com',
        '$2a$12$WB2YUbFcCN0tm44SBcKUjua9yiFBsfB3vW02IjuwzY7HGtlQIKzy2', '999888777', 'unnamed.jpeg', 'EMPLOYER', true);


insert into CONTACT_TYPES(TYPE)
values ('Telegram'),
       ('Email'),
       ('Phone number'),
       ('Facebook'),
       ('Linkedin');


insert into AUTHORITIES(authority)
values ('EMPLOYER'),
       ('APPLICANT');

insert into USER_ROLE(user_id, role_id)
VALUES (1, 2),
       (2, 2),
       (3, 2),
       (4, 2),
       (5, 2),
       (6, 2),
       (7, 2),
       (8, 2),
       (9, 2),
       (10, 2),
       (11, 1),
       (12, 1),
       (13, 1),
       (14, 1),
       (15, 1),
       (16, 1),
       (17, 1),
       (18, 1),
       (19, 1),
       (20, 1);

INSERT INTO CATEGORIES(name, PARENT_ID)
VALUES ('Mobile App Development', NULL),
       ('Web Design', NULL),
       ('AI & Machine Learning', NULL),
       ('iOS Development', 1),
       ('Android Development', 1),
       ('Full-Stack Development', 2),
       ('Web Programming', 2),
       ('Deep Learning', 3),
       ('Natural Language Processing', 3);

INSERT INTO RESUMES(name, salary, is_active, created_date, update_time, applicant_id, category_id)
VALUES ('Mobile App Developer', 65000, true, CURRENT_DATE, CURRENT_TIMESTAMP, 1, 1),
       ('Front-End Developer', 70000, true, CURRENT_DATE, CURRENT_TIMESTAMP, 2, 3),
       ('AI Engineer', 80000, true, CURRENT_DATE, CURRENT_TIMESTAMP, 8, 3),
       ('Full-Stack Developer', 75000, true, CURRENT_DATE, CURRENT_TIMESTAMP, 9, 6),
       ('Game Programmer', 70000, true, CURRENT_DATE, CURRENT_TIMESTAMP, 10, 1),
       ('Data Scientist', 85000, true, CURRENT_DATE, CURRENT_TIMESTAMP, 1, 2),
       ('UI/UX Designer', 70000, true, CURRENT_DATE, CURRENT_TIMESTAMP, 2, 1),
       ('Backend Developer', 75000, true, CURRENT_DATE, CURRENT_TIMESTAMP, 8, 7),
       ('DevOps Engineer', 80000, true, CURRENT_DATE, CURRENT_TIMESTAMP, 9, 7),
       ('Network Engineer', 70000, true, CURRENT_DATE, CURRENT_TIMESTAMP, 10, 1),
       ('Mobile App Developer', 60000, true, CURRENT_DATE, CURRENT_TIMESTAMP, 3, 1),
       ('Front-End Developer', 65000, true, CURRENT_DATE, CURRENT_TIMESTAMP, 4, 3),
       ('AI Engineer', 75000, true, CURRENT_DATE, CURRENT_TIMESTAMP, 5, 3),
       ('Full-Stack Developer', 70000, true, CURRENT_DATE, CURRENT_TIMESTAMP, 6, 6),
       ('Game Programmer', 65000, true, CURRENT_DATE, CURRENT_TIMESTAMP, 7, 1),
       ('Web Designer', 60000, true, CURRENT_DATE, CURRENT_TIMESTAMP, 1, 2),
       ('Android Developer', 70000, true, CURRENT_DATE, CURRENT_TIMESTAMP, 2, 5),
       ('Data Analyst', 65000, true, CURRENT_DATE, CURRENT_TIMESTAMP, 3, 7),
       ('Full-Stack Developer', 80000, true, CURRENT_DATE, CURRENT_TIMESTAMP, 4, 6),
       ('Machine Learning Engineer', 75000, true, CURRENT_DATE, CURRENT_TIMESTAMP, 5, 8);

INSERT INTO VACANCIES(name, description, category_id, salary, exp_from, exp_to, is_active, author_id, created_date,
                      update_date)
VALUES ('Mobile App Developer', 'We are seeking an experienced mobile app developer to join our team.', 1, 80000, 3, 6,
        true, 11, CURRENT_TIMESTAMP, CURRENT_TIMESTAMP),
       ('Front-End Developer',
        'We are looking for a talented front-end developer to create user-friendly web applications.', 2, 75000, 2, 5,
        true, 12, CURRENT_TIMESTAMP, CURRENT_TIMESTAMP),
       ('AI Engineer', 'We are hiring an AI engineer to develop and implement AI solutions.', 3, 85000, 3, 7, true, 13,
        CURRENT_TIMESTAMP, CURRENT_TIMESTAMP),
       ('Full-Stack Developer',
        'Join our team as a full-stack developer and contribute to building innovative software solutions.', 3, 80000,
        4, 8, true, 14, CURRENT_TIMESTAMP, CURRENT_TIMESTAMP),
       ('Game Programmer', 'We are seeking a skilled game programmer to develop exciting game projects.', 2, 70000, 2,
        5, true, 15, CURRENT_TIMESTAMP, CURRENT_TIMESTAMP),
       ('Data Scientist', 'Seeking a data scientist to analyze large datasets and generate actionable insights.', 1,
        90000, 4, 8, true, 16, CURRENT_TIMESTAMP, CURRENT_TIMESTAMP),
       ('UI/UX Designer', 'Join our design team to create visually appealing and user-friendly interfaces.', 2, 70000,
        2, 6, true, 17, CURRENT_TIMESTAMP, CURRENT_TIMESTAMP),
       ('Backend Developer', 'We are hiring a backend developer to design and implement server-side logic.', 3, 75000,
        3, 7, true, 18, CURRENT_TIMESTAMP, CURRENT_TIMESTAMP),
       ('DevOps Engineer', 'Seeking a DevOps engineer to automate and streamline our development processes.', 2, 80000,
        3, 6, true, 19, CURRENT_TIMESTAMP, CURRENT_TIMESTAMP),
       ('Network Engineer', 'Join our IT team as a network engineer to design and maintain our network infrastructure.',
        1, 70000, 2, 5, true, 20, CURRENT_TIMESTAMP, CURRENT_TIMESTAMP),
       ('iOS Developer', 'We are seeking an iOS developer to build cutting-edge mobile applications.', 1, 85000, 3, 7,
        true, 11, CURRENT_TIMESTAMP, CURRENT_TIMESTAMP),
       ('Android Developer', 'We are looking for an Android developer to create high-quality mobile applications.', 1,
        80000, 2, 6, true, 12, CURRENT_TIMESTAMP, CURRENT_TIMESTAMP),
       ('Web Designer', 'Seeking a web designer to create visually stunning and responsive web interfaces.', 2, 70000,
        2, 5, true, 13, CURRENT_TIMESTAMP, CURRENT_TIMESTAMP),
       ('Machine Learning Engineer', 'Join our team as a machine learning engineer to develop innovative AI solutions.',
        3, 90000, 4, 8, true, 14, CURRENT_TIMESTAMP, CURRENT_TIMESTAMP),
       ('Cloud Architect', 'We are hiring a cloud architect to design and implement scalable cloud solutions.', 3,
        95000, 5, 10, true, 15, CURRENT_TIMESTAMP, CURRENT_TIMESTAMP);


INSERT INTO CONTACTS_INFO(contact_value, type_id, resume_id)
VALUES ('john@example.com', 2, 1),
       ('+1122334455', 3, 2),
       ('emily@example.com', 2, 3),
       ('sophia@example.com', 2, 5),
       ('123456789', 3, 6),
       ('jane@example.com', 2, 7),
       ('555444333', 3, 8),
       ('william@example.com', 2, 9),
       ('999888777', 3, 10),
       ('michael@example.com', 2, 11),
       ('777666555', 3, 12),
       ('olivia@example.com', 2, 13),
       ('888777666', 3, 14),
       ('brightfuture@example.com', 2, 15);

INSERT INTO EDUCATION_INFO(resume_id, institution, program, start_date, end_date, degree)
VALUES (1, 'Tech University', 'Computer Science', '2015-09-01', '2019-06-30', 'Bachelor'),
       (2, 'IT Institute', 'Software Engineering', '2014-09-01', '2018-06-30', 'Bachelor'),
       (3, 'Tech University', 'Computer Engineering', '2015-09-01', '2019-06-30', 'Bachelor'),
       (4, 'Data Institute', 'Data Management', '2012-09-01', '2016-06-30', 'Bachelor'),
       (5, 'Innovation College', 'Software Development', '2016-09-01', '2020-06-30', 'Bachelor'),
       (6, 'AI Academy', 'Artificial Intelligence', '2017-09-01', '2021-06-30', 'Bachelor'),
       (7, 'Game Development School', 'Game Development', '2014-09-01', '2018-06-30', 'Bachelor'),
       (8, 'Data Science Institute', 'Data Science', '2018-09-01', '2022-06-30', 'Bachelor'),
       (9, 'Design College', 'UI/UX Design', '2015-09-01', '2019-06-30', 'Bachelor'),
       (10, 'Tech College', 'Network Engineering', '2013-09-01', '2017-06-30', 'Bachelor'),
       (11, 'Tech University', 'Mobile App Development', '2016-09-01', '2020-06-30', 'Bachelor'),
       (12, 'Web Design Institute', 'Web Design', '2015-09-01', '2019-06-30', 'Bachelor'),
       (13, 'AI Institute', 'Machine Learning', '2017-09-01', '2021-06-30', 'Bachelor'),
       (14, 'Cloud Computing College', 'Cloud Computing', '2018-09-01', '2022-06-30', 'Bachelor'),
       (15, 'Networking School', 'Network Security', '2014-09-01', '2018-06-30', 'Bachelor'),
       (6, 'Machine Learning Institute', 'Advanced Machine Learning', '2019-09-01', '2021-06-30', 'Master'),
       (8, 'Design Academy', 'Graphic Design', '2017-09-01', '2021-06-30', 'Bachelor'),
       (10, 'Network Security Institute', 'Cybersecurity', '2018-09-01', '2022-06-30', 'Bachelor'),
       (12, 'Mobile App Development School', 'iOS Development', '2019-09-01', '2021-06-30', 'Certificate'),
       (14, 'Cloud Computing Institute', 'Cloud Architecture', '2020-09-01', '2022-06-30', 'Master');

INSERT INTO WORK_EXPERIENCE_INFO(resume_id, years, company_name, position, responsibilities)
VALUES (1, 5, 'FutureTech Solutions', 'Software Engineer', 'Designed and implemented software solutions.'),
       (2, 4, 'Data Solutions Inc.', 'Data Analyst', 'Analyzed data and provided insights for decision-making.'),
       (3, 3, 'InnovateSoft Technologies', 'AI Engineer', 'Developed AI models for various applications.'),
       (4, 5, 'Tech Innovators Ltd.', 'Full-Stack Developer', 'Developed both front-end and back-end components.'),
       (5, 3, 'Game Development Co.', 'Game Programmer', 'Implemented game mechanics and features.'),
       (6, 4, 'Data Analytics Corp.', 'Data Scientist', 'Performed advanced data analysis using machine learning techniques.'),
       (7, 3, 'Digital Enterprises', 'UI/UX Designer', 'Designed user interfaces for web and mobile applications.'),
       (8, 5, 'Tech Solutions Inc.', 'Backend Developer', 'Developed and maintained server-side applications.'),
       (9, 2, 'InnovateSoft Technologies', 'DevOps Engineer', 'Implemented CI/CD pipelines and automated deployment processes.'),
       (10, 3, 'Network Solutions Ltd.', 'Network Engineer', 'Designed and maintained company network infrastructure.'),
       (11, 4, 'BrightFuture Innovations', 'Mobile App Developer', 'Developed mobile applications for iOS and Android platforms.'),
       (12, 3, 'DataSolutions Inc.', 'Front-End Developer', 'Created responsive and user-friendly web interfaces using HTML, CSS, and JavaScript.'),
       (13, 5, 'InnovativeTech Solutions', 'AI Engineer', 'Researched and implemented machine learning algorithms for predictive analytics.'),
       (14, 4, 'TechGurus Ltd.', 'Full-Stack Developer', 'Contributed to the development of web and mobile applications from concept to deployment.'),
       (15, 3, 'DigitalSolutions LLC', 'Game Programmer', 'Collaborated with designers to develop interactive and engaging game experiences.');


INSERT INTO RESPONDED_APPLICANTS(resume_id, vacancy_id, confirmation)
VALUES (1, 1, true),
       (1, 2, true),
       (5, 1, false),
       (6, 3, false),
       (7, 1, true),
       (8, 2, true),
       (9, 1, true),
       (10, 2, true),
       (3, 5, false),
       (4, 4, true);


INSERT INTO MESSAGES(responded_applicants, content, timestamp)
VALUES (1, 'Thank you for your application.', CURRENT_TIMESTAMP),
       (2, 'Your application has been received.', CURRENT_TIMESTAMP),
       (3, 'We regret to inform you that your application was unsuccessful.', CURRENT_TIMESTAMP),
       (4, 'Congratulations! Your application has been successful.', CURRENT_TIMESTAMP),
       (5, 'Your application is under review.', CURRENT_TIMESTAMP),
       (6, 'Thank you for your interest. We will contact you shortly.', CURRENT_TIMESTAMP),
       (7, 'Your application is being reviewed by our team.', CURRENT_TIMESTAMP),
       (8, 'We appreciate your application. We will reach out to you soon.', CURRENT_TIMESTAMP),
       (9, 'Your application for the AI Engineer position has been received.', CURRENT_TIMESTAMP),
       (10, 'Thank you for applying. Your application is under consideration.', CURRENT_TIMESTAMP);
